ls_cost,ls_amount
10.0,0.23710032
10.0,0.23710032
1.0e10,0.23710032
1.0e10,0.23710032
10.0,0.23710032
10.0,0.23710032
1.0e10,0.23710032
1.0e10,0.23710032
10.0,0.23710032
10.0,0.024844244
1.0e10,0.23710032
1.0e10,0.024844244
10.0,0.23710032
10.0,0.024844244
1.0e10,0.23710032
1.0e10,0.024844244
10.0,0.23710032
10.0,0.024781696
1.0e10,0.23710032
1.0e10,0.024781696
10.0,0.23710032
10.0,0.024781696
1.0e10,0.23710032
1.0e10,0.024781696
