ls_cost,ls_amount
1000.0,-1.5887299e-8
2000.0,-2.5658203e-8
3000.0,-3.145181e-8
4000.0,-2.9515551e-8
5000.0,-3.2007684e-8
6000.0,-3.224283e-8
7000.0,-3.2393853e-8
8000.0,-3.246738e-8
9000.0,-3.246738e-8
10000.0,-3.246738e-8
