ls_cost,ls_amount
100.0,2.9960454e-8
222311.11,-3.0
444522.22,-3.0
666733.3,-3.0
888944.44,-3.0
1.1111555e6,-3.0
1.3333666e6,-3.0
1.5555778e6,-3.0
1.7777889e6,-3.0
2.0e6,-3.0
