ls_cost,ls_amount
1000.0,19.774403
2000.0,19.79676
3000.0,19.916168
4000.0,20.068764
5000.0,20.424038
6000.0,20.416235
7000.0,20.410648
8000.0,20.406473
9000.0,20.403238
10000.0,20.400661
