ls_cost,ls_amount
1000.0,2.995385e-8
2000.0,2.991447e-8
3000.0,2.9426078e-8
4000.0,-0.4964304
5000.0,-0.49643362
6000.0,-1.0
7000.0,-1.0
8000.0,-1.0
9000.0,-1.0
10000.0,-1.0
