ls_cost,ls_amount
1000.0,0.256
2000.0,0.256
3000.0,0.25599986
4000.0,0.24737678
5000.0,0.2429483
6000.0,0.2429483
7000.0,0.2429483
8000.0,0.2429483
9000.0,0.24101578
10000.0,0.23898105
