ls_cost,ls_amount
1000.0,-0.033000007
2000.0,-0.033000007
3000.0,-0.033000007
4000.0,-0.033000007
5000.0,-0.033000007
6000.0,-0.033000007
7000.0,-0.033000007
8000.0,-0.033000007
9000.0,-0.033000007
10000.0,-0.033000007
