ls_cost,ls_amount
25.0,0.00480001
20000.0,0.0048000026
