ls_cost,ls_amount
0.0,0.00480001
11.111111,0.00480001
22.222221,0.004800009
33.333332,0.0030374934
44.444443,0.002863485
55.555557,0.002786699
66.666664,0.0027416477
77.77778,0.000580443
88.888885,0.00057733024
100.0,0.00057408534
